,user_id,join_date,flag,count,certificate
0,M3077761479,2021-11-22 10:32:00,0,1,G356304621
1,M2451903006,2021-11-06 20:04:00,0,1,G989649694
2,M2283580805,2021-11-24 13:13:00,0,1,G037356784
3,M6879509586,2021-11-04 18:44:00,0,1,G799329978
4,M558552046,2021-12-03 22:04:00,0,1,G497854096
5,M492905899,2021-12-03 06:03:00,0,4,G910445387
6,M4264827822,2021-10-29 01:17:00,0,1,G004809783
7,M78767887,2021-11-16 20:51:00,0,1,G921549889
8,M327550016,2021-11-30 13:31:00,0,1,G273346094
9,M74886981,2021-12-15 07:01:00,0,1,G339558138
10,M217016192,2021-12-24 20:23:00,0,1,G115299132
11,M4425603552,2021-11-11 02:39:00,0,1,G235129507
12,M65608115,2021-11-24 04:54:00,0,1,G059830237
13,M2711953310,2021-12-11 09:32:00,0,1,G008642543
14,M2259483896,2021-12-04 03:27:00,0,1,G731444375
15,M2554784557,2021-11-22 10:03:00,0,1,G366042043
16,M3302413384,2021-11-28 00:29:00,0,1,G261210510
17,M316090639,2021-11-15 02:07:00,0,1,G726906294
18,M2530393201,2021-12-01 17:46:00,0,1,G484103220
19,M3894243771,2021-12-02 23:23:00,0,1,G092861598
20,M4414791596,2021-11-24 05:51:00,0,2,G439747619
21,M4967087861,2021-12-10 15:18:00,0,1,G835765888
22,M2769129555,2021-11-27 04:14:00,0,1,G764787965
23,M309577756,2021-11-10 14:31:00,0,1,G841349430
24,M2562254920,2021-11-22 11:16:00,0,1,G78683
25,M4984057999,2021-11-10 18:49:00,0,1,G198906074
26,M113309149,2021-12-22 18:54:00,0,1,G946604185
27,M3023559999,2021-12-06 17:19:00,0,1,G837452150
28,M448510303,2021-11-10 17:34:00,0,1,G941035408
29,M3847900672,2021-11-22 11:14:00,0,1,G740405145
30,M441106397,2021-11-28 00:00:00,0,1,G764114630
31,M2470440261,2021-11-13 06:52:00,0,1,G746612353
32,M524424900,2021-11-20 15:45:00,0,1,G765647191
33,M148537933,2021-12-22 07:57:00,0,1,G278295316
34,M607138316,2021-12-12 02:53:00,0,1,G824971111
35,M351278691,2021-11-07 07:03:00,0,1,G930490422
36,M326081997,2021-11-30 03:27:00,0,1,G793347568
37,M482144996,2021-12-08 11:24:00,0,1,G454949990
38,M370085996,2021-12-12 12:51:00,0,1,G541367910
39,M568993005,2021-11-16 15:41:00,0,1,G742663398
40,M544510845,2021-12-14 10:40:00,0,1,G910072129
41,M614306830,2021-11-27 01:29:00,0,1,G500002912
42,M4001783047,2021-11-28 01:48:00,0,1,G461476079
43,M3571503353,2021-11-14 10:36:00,0,1,G185705712
44,M4970905099,2021-10-30 08:37:00,0,1,G064883303
45,M4922856659,2021-11-29 21:10:00,0,1,G895223026
46,M108972980,2021-11-30 02:08:00,0,1,G866821768
47,M388743931,2021-11-03 19:25:00,0,1,G697573521
48,M185064638,2021-12-04 06:40:00,0,1,G861114164
49,M3057665075,2021-11-20 15:07:00,0,1,G420075252
50,M608988272,2021-12-01 14:34:00,0,1,G464803336
51,M3768532885,2021-11-27 16:42:00,0,1,G893891497
52,M452893369,2021-12-09 15:04:00,0,1,G030359287
53,M233632998,2021-11-24 04:06:00,0,1,G484758815
54,M301908038,2021-12-01 22:46:00,0,1,G589613358
55,M2290617299,2021-12-08 05:27:00,0,1,G755259537
56,M2208569841,2021-12-03 00:44:00,0,1,G164847409
57,M2755517705,2021-11-16 13:34:00,0,1,G732642483
58,M402587210,2021-12-05 18:17:00,0,1,G924278587
59,M2996204412,2021-11-30 22:35:00,0,1,G488775784
60,M2639450160,2021-11-09 07:05:00,0,1,G392550017
61,M108692030,2021-12-07 16:23:00,0,1,G014470941
62,M3557433383,2021-11-15 19:30:00,0,1,G661425704
63,M580174160,2021-12-11 22:04:00,0,1,G287021435
64,M2504247665,2021-11-02 15:13:00,0,1,G095766023
65,M376946987,2021-11-22 14:47:00,0,1,G428858274
66,M4521585627,2021-11-16 06:31:00,0,1,G159476586
67,M297640410,2021-12-10 07:06:00,0,1,G337453728
68,M69068472,2021-12-31 22:35:00,0,1,G375168569
69,M551722620,2021-11-21 13:54:00,0,1,G658040292
70,M458146454,2021-12-03 05:53:00,0,1,G530140040
71,M4249601030,2021-12-14 17:30:00,0,1,G009541700
72,M203751095,2021-11-22 12:50:00,0,1,G714273436
73,M238366427,2021-11-25 16:37:00,0,1,G419323161
74,M135217017,2021-12-10 07:26:00,0,1,G209494096
75,M487366382,2021-11-30 01:26:00,0,1,G130363750
76,M3039234066,2021-11-25 08:40:00,0,1,G857264877
77,M4241150241,2021-12-03 15:02:00,0,1,G293691890
78,M4953232070,2021-11-16 17:42:00,0,1,G395519230
79,M343689102,2021-11-26 00:54:00,0,1,G669818695
80,M151970963,2021-12-02 18:26:00,0,1,G818073199
81,M409827437,2021-11-20 14:30:00,0,1,G939597247
82,M2548451315,2021-12-25 03:10:00,0,1,G451181303
83,M307650820,2021-11-30 00:07:00,0,1,G006806049
84,M119555704,2021-11-25 12:38:00,0,1,G985762300
85,M2992188643,2021-11-26 08:35:00,0,1,G280763621
86,M2495190630,2021-11-07 08:58:00,0,1,G640990899
87,M4303121248,2021-12-17 07:15:00,0,1,G000298046
88,M3013848525,2021-12-09 03:43:00,0,1,G725422533
89,M3033439538,2021-11-24 11:59:00,0,1,G627325658
90,M312548714,2021-11-28 20:29:00,0,1,G139116505
91,M128680640,2021-12-17 23:46:00,0,1,G981253098
92,M308283236,2021-11-29 11:19:00,0,1,G126696276
93,M242125975,2021-11-16 12:02:00,0,1,G312223686
94,M3412565339,2021-11-23 11:34:00,0,1,G402910944
95,M284576155,2021-11-11 03:22:00,0,1,G507244820
96,M2709084070,2021-12-08 14:36:00,0,1,G307681198
97,M2517527744,2021-12-16 09:44:00,0,1,G266876257
98,M391381553,2021-11-14 17:43:00,0,1,G256706518
99,M2968455611,2021-12-01 17:53:00,0,1,G273860118
100,M4242707989,2021-11-05 14:04:00,0,1,G562714779
101,M3316644600,2021-12-21 04:35:00,0,1,G787676526
102,M4196475398,2021-11-12 05:41:00,0,1,G030636638
103,M153879929,2021-11-09 23:11:00,0,1,G886480548
104,M4151924726,2021-12-24 18:24:00,0,1,G907030286
105,M385040082,2021-11-19 19:33:00,0,1,G346932015
106,M4890081355,2021-11-21 11:50:00,0,1,G468140073
107,M2378370047,2021-12-12 18:33:00,0,1,G031260951
108,M4310817791,2021-11-29 07:27:00,0,1,G88765
109,M2544997605,2021-12-09 19:55:00,0,1,G535986658
110,M4007695967,2021-11-21 05:02:00,0,1,G547588199
111,M3605876907,2021-12-09 07:01:00,0,1,G490487623
112,M230012549,2021-11-30 09:54:00,0,1,G797419631
113,M2690061181,2021-12-28 03:33:00,0,1,G107170422
114,M2975823961,2021-12-16 23:15:00,0,1,G182046824
115,M302008612,2021-12-18 07:24:00,0,1,G517938104
116,M4273326534,2021-12-05 17:40:00,0,1,G358263013
117,M3082540683,2021-12-20 19:55:00,0,1,G624991036
118,M2349670668,2021-11-23 02:33:00,0,1,G347285580
119,M4127063290,2021-12-28 14:10:00,0,1,G145828050
120,M221163948,2021-11-08 04:00:00,0,1,G37045
121,M3019521977,2021-11-08 10:38:00,0,1,G127144235
122,M400184365,2021-12-10 00:45:00,0,1,G852977767
123,M64237203,2021-11-28 17:31:00,0,1,G340001107
124,M4831895878,2021-12-10 20:16:00,0,1,G728396675
125,M4968068312,2021-11-29 23:54:00,0,1,G276312079
126,M411334971,2021-12-11 09:09:00,0,1,G940675984
127,M3378343876,2021-12-14 18:46:00,0,1,G975103543
128,M4449328936,2021-11-30 03:26:00,0,1,G875929970
129,M170989365,2021-12-23 00:25:00,0,1,G858333773
130,M340983966,2021-11-19 23:29:00,0,1,G054879680
131,M307329798,2021-12-13 15:00:00,0,1,G910541841
132,M3379851459,2021-12-31 07:48:00,0,1,G798339135
133,M3048654312,2021-11-30 07:39:00,0,1,G158325300
134,M44775677,2021-11-17 22:17:00,0,1,G613580144
135,M4436515191,2021-12-03 13:12:00,0,1,G059365719
136,M4796349669,2021-11-26 20:38:00,0,1,G663073375
137,M604764059,2021-11-27 03:51:00,0,1,G874719658
138,M2719794991,2021-11-29 00:53:00,0,1,G204724470
139,M3700442143,2021-12-04 12:27:00,0,1,G727328119
140,M229891076,2021-12-10 20:59:00,0,1,G313878293
141,M247173391,2021-11-27 03:33:00,0,1,G748388688
142,M523500699,2021-11-09 01:41:00,0,1,G776909847
143,M2966015212,2021-11-22 21:15:00,0,1,G527944771
144,M111282988,2021-12-04 14:19:00,0,1,G079060608
145,M2248151897,2021-11-23 13:36:00,0,1,G808718320
146,M4223373792,2021-12-11 03:35:00,0,1,G097260229
147,M448812696,2021-11-24 16:04:00,0,1,G311956621
148,M2552194326,2021-11-24 11:43:00,0,1,G366203800
149,M2613134103,2021-11-30 00:47:00,0,1,G29754
150,M552176568,2021-12-10 16:42:00,0,1,G771217781
151,M2545997550,2021-11-13 23:20:00,0,1,G553459036
152,M4672506095,2021-11-14 12:27:00,0,1,G384443472
153,M4551021249,2021-11-21 21:59:00,0,1,G159173830
154,M496489914,2021-11-20 13:18:00,0,1,G185716677
155,M4474164232,2021-12-04 21:09:00,0,1,G913598543
156,M4268348395,2022-01-04 23:24:00,0,1,G766963419
157,M3924423425,2021-11-24 09:06:00,0,1,G058370155
158,M3778643404,2021-11-06 17:21:00,0,1,G760517592
159,M4173874869,2021-11-17 08:28:00,0,1,G565173568
160,M3652164919,2021-12-10 14:29:00,0,1,G538801613
161,M584295465,2021-11-17 11:23:00,0,2,G346484321
162,M615270479,2021-12-08 02:33:00,0,1,G819579024
163,M4472730892,2021-11-22 14:22:00,0,1,G437187104
164,M2505263505,2021-11-21 01:10:00,0,1,G336438252
165,M4449156335,2021-11-23 21:32:00,0,2,G74926
166,M4356156467,2021-11-26 11:30:00,0,1,G104181582
167,M2938926214,2021-12-19 19:58:00,0,1,G614145514
168,M4987267906,2021-12-20 04:04:00,0,1,G182748031
169,M4867192133,2021-11-29 08:43:00,0,1,G152666711
170,M02004029,2021-11-23 14:21:00,0,1,G022715184
171,M4499349765,2021-12-23 14:43:00,0,1,G412926619
172,M141390279,2021-11-28 22:44:00,0,1,G040928696
173,M4734149510,2021-12-02 05:41:00,0,1,G763345032
174,M179838947,2021-12-13 00:02:00,0,1,G200277830
175,M240534795,2021-11-28 08:54:00,0,1,G973810841
176,M266512650,2021-11-21 04:47:00,0,1,G798258403
177,M4193551277,2021-12-14 20:14:00,0,1,G903703425
178,M3700394710,2021-10-25 16:53:00,0,1,G968852482
179,M2652882666,2021-12-10 10:43:00,0,1,G660371572
180,M3610321628,2021-12-07 21:26:00,0,1,G625003338
181,M2723627407,2021-11-24 08:23:00,0,1,G795278980
182,M2216692994,2021-11-29 12:38:00,0,1,G224983975
183,M419889580,2021-12-24 16:44:00,0,1,G761981203
184,M538569732,2021-11-11 13:45:00,0,1,G501816318
185,M4560990506,2021-11-24 14:03:00,0,1,G448808098
186,M161467709,2021-11-16 16:02:00,0,1,G615270042
187,M4957332404,2021-12-07 19:25:00,0,1,G393463167
188,M4991748501,2021-11-20 15:42:00,0,1,G852551493
189,M513407341,2021-11-13 10:02:00,0,1,G648844239
190,M417370731,2021-11-19 23:11:00,0,1,G369186054
191,M2748808252,2021-12-11 04:10:00,0,1,G306160881
192,M145524532,2021-11-07 19:46:00,0,1,G053632052
193,M296165248,2021-12-15 12:21:00,0,1,G901713452
194,M281001597,2021-11-10 16:26:00,0,1,G152562881
195,M107390204,2021-12-06 17:46:00,0,1,G605655818
196,M2572993889,2021-12-23 23:45:00,0,1,G589109825
197,M4912649046,2021-11-29 16:28:00,0,1,G936291561
198,M588903536,2021-11-22 22:30:00,0,1,G225093510
199,M3240783573,2021-12-04 19:11:00,0,1,G346174008
200,M4959394478,2021-11-20 11:05:00,0,2,G863074066
201,M2747529483,2021-11-10 17:14:00,0,1,G459812373
202,M4559905424,2021-12-04 13:20:00,0,1,G208020998
203,M120297781,2021-12-15 00:29:00,0,1,G799410881
204,M2577775873,2021-12-04 15:03:00,0,1,G727116394
205,M2306130372,2021-11-24 10:24:00,0,1,G997274286
206,M95503230,2021-12-05 13:25:00,0,1,G701815905
207,M281147748,2021-12-01 06:19:00,0,1,G933718914
208,M3119772990,2021-12-30 13:39:00,0,1,G181440850
209,M3528759168,2021-12-06 12:38:00,0,1,G591410610
210,M3010703303,2021-11-20 12:49:00,0,1,G440335070
211,M418282213,2021-12-05 19:58:00,0,1,G651348538
212,M3173883311,2021-11-26 07:37:00,0,1,G829231916
213,M458586938,2021-12-09 11:47:00,0,1,G857618108
214,M3271276861,2021-11-21 03:30:00,0,1,G480796248
215,M152904049,2021-12-08 06:45:00,0,1,G675106130
216,M3189252718,2021-11-21 02:01:00,0,1,G655254827
217,M2567318032,2021-11-17 01:13:00,0,1,G078501107
218,M2303424701,2021-11-26 06:45:00,0,1,G711977965
219,M236909949,2021-12-05 01:01:00,0,1,G315491895
220,M4271024872,2021-12-20 10:54:00,0,1,G887580596
221,M3462902832,2021-12-19 15:50:00,0,1,G306580203
222,M2509633540,2021-11-28 05:09:00,0,1,G893824697
223,M4392107340,2021-12-18 19:57:00,0,1,G307487152
224,M203089940,2021-12-12 08:56:00,0,1,G460112471
225,M4169885986,2021-11-28 10:58:00,0,1,G202987701
226,M4977772866,2021-11-12 08:31:00,0,1,G942350851
227,M4948097197,2021-12-19 00:03:00,0,1,G801327293
228,M3726955656,2021-11-25 10:56:00,0,1,G860087209
229,M4684723321,2021-11-22 15:25:00,0,1,G415007612
230,M2287061859,2021-11-24 00:57:00,0,1,G981930265
231,M435605168,2021-12-05 03:01:00,0,1,G674790989
232,M412397916,2021-11-28 21:20:00,0,1,G652501096
233,M4839276640,2021-12-26 15:01:00,0,1,G852052375
234,M3652911846,2021-11-26 22:33:00,0,1,G442399409
235,M2492282445,2021-12-29 22:51:00,0,1,G848297042
236,M192272996,2021-12-04 07:22:00,0,1,G854795269
237,M4871696871,2021-11-16 17:22:00,0,1,G356676760
238,M2320072574,2021-12-03 04:05:00,0,1,G210012393
239,M2850091158,2021-11-30 03:21:00,0,1,G615077443
240,M254805596,2021-12-07 18:42:00,0,1,G395390769
241,M4421029664,2021-12-06 01:10:00,0,1,G65424
242,M4491242462,2021-11-21 00:57:00,0,1,G836172980
243,M3206042567,2021-11-20 23:30:00,0,1,G457001403
244,M164961809,2021-11-29 12:42:00,0,1,G989780773
245,M2249608225,2021-12-14 02:32:00,0,1,G007147638
246,M2402509584,2021-12-01 12:53:00,0,1,G766739520
247,M162285938,2021-11-27 02:13:00,0,1,G923697776
248,M2839601130,2021-11-24 02:03:00,0,1,G566989083
249,M304112597,2021-12-04 19:31:00,0,1,G912724867
250,M2360695635,2021-11-26 06:42:00,0,1,G838804162
251,M284014108,2021-11-26 23:34:00,0,1,G528720228
252,M610069132,2021-11-27 23:23:00,0,1,G400373875
253,M112483438,2021-12-21 10:15:00,0,1,G485921091
254,M144534939,2021-12-11 21:46:00,0,1,G936196639
255,M3735132756,2021-11-11 23:17:00,0,1,G317014089
256,M4213272782,2021-11-24 18:34:00,0,1,G766831389
257,M2822648647,2021-12-15 12:56:00,0,1,G649387851
258,M404672040,2021-11-21 19:01:00,0,1,G740388541
259,M2788912354,2021-11-13 06:46:00,0,1,G990771296
260,M3195690671,2021-11-16 06:57:00,0,1,G094270399
261,M4329888781,2021-11-23 06:41:00,0,1,G870327600
262,M2565448093,2021-11-12 20:42:00,0,1,G791828821
263,M4985425270,2021-11-22 08:59:00,0,1,G589415387
264,M2872693815,2021-11-30 13:12:00,0,1,G312768272
265,M4304556095,2021-11-19 22:00:00,0,1,G699147944
266,M2632122137,2021-11-10 15:20:00,0,1,G056778821
267,M482894382,2021-12-05 18:29:00,0,1,G068213961
268,M4904092815,2021-11-13 12:26:00,0,1,G565261304
269,M78273883,2021-11-20 06:58:00,0,1,G595409615
270,M240700583,2021-11-30 13:15:00,0,1,G662687395
271,M186385836,2021-11-17 17:37:00,0,1,G044348516
272,M3089682252,2021-11-19 03:38:00,0,1,G723845177
273,M120778887,2021-12-23 16:24:00,0,1,G105217089
274,M4311734763,2021-12-08 20:39:00,0,1,G282405219
275,M2497599192,2021-11-28 21:39:00,0,1,G730336398
276,M244390572,2021-11-10 20:32:00,0,1,G544561034
277,M2480290698,2021-11-19 18:15:00,0,1,G193894691
278,M4300541445,2021-12-02 02:04:00,0,1,G642030427
279,M4429565768,2021-11-11 00:22:00,0,1,G278874436
280,M2965788575,2021-11-25 14:33:00,0,1,G716010847
281,M4040791417,2021-12-17 00:58:00,0,1,G222044516
282,M3440354421,2021-12-05 09:06:00,0,1,G827827117
283,M3396794109,2021-12-07 08:43:00,0,1,G905898463
284,M258109646,2021-12-05 06:44:00,0,1,G977119084
285,M2553567889,2021-11-18 02:52:00,0,1,G320714476
286,M3837806263,2021-12-03 20:51:00,0,1,G116302443
287,M2715458927,2021-11-16 15:56:00,0,1,G356995068
288,M349489075,2021-11-24 11:23:00,0,1,G017388109
289,M306417311,2021-10-22 17:32:00,0,1,G642283663
290,M2552179157,2021-11-09 09:51:00,0,1,G577365230
291,M2475961647,2021-12-03 11:44:00,0,1,G287557543
292,M2957634988,2021-12-04 01:36:00,0,1,G475819855
293,M3234581751,2021-11-28 15:12:00,0,1,G292143455
294,M3386157966,2021-11-21 10:17:00,0,1,G654716766
295,M4907472335,2021-11-30 15:42:00,0,1,G453456442
296,M3073191778,2021-11-28 07:51:00,0,1,G417914030
297,M2390690438,2021-12-25 03:47:00,0,1,G383396022
298,M3710204148,2021-11-27 01:45:00,0,1,G333978982
299,M2831250698,2021-12-31 20:10:00,0,1,G967270148
300,M4294558046,2021-12-19 19:46:00,0,1,G532068807
301,M4963145310,2021-11-21 17:15:00,0,1,G890437570
302,M2600238309,2021-11-14 03:42:00,0,1,G381993206
303,M4366894685,2021-11-22 10:53:00,0,1,G310227025
304,M2578017326,2021-12-06 09:43:00,0,1,G671274960
305,M3819399078,2021-12-24 14:43:00,0,2,G043232488
306,M3079535882,2021-11-27 09:20:00,0,1,G905708515
307,M2761961350,2021-12-08 07:03:00,0,1,G099863947
308,M3471046305,2021-12-08 00:13:00,0,1,G526640133
309,M4845973848,2021-11-30 22:27:00,0,1,G428633002
310,M462190627,2021-11-29 23:41:00,0,1,G836810627
311,M3872978222,2021-11-09 12:18:00,0,1,G835223606
312,M324367708,2021-11-22 18:00:00,0,1,G618184330
313,M426328793,2021-11-16 14:15:00,0,1,G308703810
314,M3615461575,2021-12-07 10:51:00,0,1,G318392662
315,M2959277446,2021-12-11 10:09:00,0,1,G765898270
316,M2968348026,2021-11-13 08:54:00,0,1,G537016776
317,M3971845467,2021-11-21 23:22:00,0,1,G015679672
318,M2202799159,2021-11-14 07:57:00,0,1,G298216230
319,M4868280856,2021-11-10 17:19:00,0,1,G768694334
320,M4308431357,2021-11-27 15:47:00,0,1,G186216574
321,M3848604283,2021-11-19 11:35:00,0,1,G892252708
322,M370509752,2021-11-18 07:19:00,0,1,G697948045
323,M2623723467,2021-11-06 11:34:00,0,1,G085758254
324,M64128407,2021-11-25 09:40:00,0,1,G032827803
325,M73967147,2021-12-04 00:02:00,0,1,G257564912
326,M2760983967,2021-11-17 22:52:00,0,1,G955001287
327,M2240669944,2021-12-09 23:14:00,0,1,G609170601
328,M4440360732,2021-12-10 17:17:00,0,1,G016941484
329,M221142404,2022-01-03 04:07:00,0,1,G738422739
330,M144584067,2021-12-23 14:54:00,0,1,G647978710
331,M4315068946,2021-12-21 07:05:00,0,1,G780227669
332,M2256514451,2021-11-24 06:00:00,0,1,G219801175
333,M291562191,2021-11-11 14:18:00,0,1,G657357551
334,M2391491014,2021-12-15 01:46:00,0,1,G602036883
335,M273637430,2021-12-11 21:21:00,0,1,G161725694
336,M3535246838,2021-12-12 04:07:00,0,1,G881817457
337,M413851825,2021-12-06 14:54:00,0,1,G576858769
338,M4773416607,2021-11-10 20:37:00,0,1,G490307942
339,M3025002392,2021-12-13 13:05:00,0,1,G543388955
340,M4193946607,2021-12-20 13:52:00,0,1,G628262065
341,M344901542,2021-11-22 11:43:00,0,1,G749416621
342,M4332042438,2021-12-12 02:03:00,0,1,G580717232
343,M2850513881,2021-12-12 12:41:00,0,1,G552874013
344,M3662206097,2021-12-02 02:57:00,0,1,G069073843
345,M356034758,2021-11-19 20:39:00,0,1,G17759
346,M426007133,2021-11-06 17:24:00,0,1,G585166782
347,M2202888023,2021-11-25 20:32:00,0,1,G522713854
348,M2506582749,2021-12-07 11:00:00,0,1,G046218668
349,M4529432888,2021-11-11 14:44:00,0,1,G776640925
350,M87420968,2021-11-24 20:24:00,0,1,G342381694
351,M499860808,2021-11-14 11:20:00,0,1,G495469079
352,M4412239551,2021-11-19 05:45:00,0,1,G631033370
353,M3489010371,2021-12-15 01:40:00,0,1,G045520491
354,M4127045898,2021-12-06 23:23:00,0,1,G534038366
355,M4127052901,2021-11-27 19:55:00,0,1,G254778087
356,M2636368273,2021-10-20 18:54:00,0,1,G703497900
357,M569145815,2021-12-05 21:53:00,0,1,G646564109
358,M2487459452,2021-11-07 21:12:00,0,1,G399504953
359,M2752861998,2021-11-17 17:02:00,0,1,G712498299
360,M2625106013,2021-12-07 15:17:00,0,1,G824678087
361,M2847152401,2021-12-20 03:49:00,0,1,G687634001
362,M3667788672,2021-12-11 02:18:00,0,1,G532547772
363,M580352324,2021-11-01 03:18:00,0,1,G533610400
364,M2509261141,2021-11-25 03:47:00,0,1,G502171072
365,M498276631,2021-12-08 20:31:00,0,2,G895363318
366,M3377670599,2021-11-09 03:28:00,0,1,G86621
367,M3051198997,2021-11-12 04:52:00,0,1,G764151745
368,M428719771,2021-11-13 02:27:00,0,1,G141021044
369,M2361813947,2021-12-13 14:01:00,0,1,G259262080
370,M268892428,2021-11-26 19:47:00,0,1,G042770537
371,M495607324,2021-12-18 23:28:00,0,1,G665376687
372,M2542641161,2021-11-29 16:07:00,0,1,G352410435
373,M4992412553,2021-12-12 07:36:00,0,1,G427326759
374,M2694756144,2021-11-21 22:33:00,0,1,G613063804
375,M3395708967,2021-11-27 15:27:00,0,1,G671509423
376,M3245140924,2021-11-30 10:39:00,0,2,G647202594
377,M529442230,2021-12-27 00:36:00,0,1,G451432091
378,M208354033,2021-11-14 20:34:00,0,1,G384145083
379,M394608142,2021-11-24 03:29:00,0,1,G973767343
380,M4618080287,2021-11-26 18:38:00,0,1,G447462341
381,M4997656019,2021-11-15 09:59:00,0,1,G593811842
382,M3382079752,2021-11-23 11:34:00,0,1,G994209951
383,M4298127902,2021-11-24 01:36:00,0,1,G281184629
384,M4988770194,2021-11-06 20:47:00,0,1,G260714086
385,M4504781647,2021-11-27 21:50:00,0,1,G167335715
386,M437312744,2021-12-07 03:18:00,0,1,G594868138
387,M2969176440,2021-12-05 12:31:00,0,1,G637959887
388,M478757292,2021-12-03 20:08:00,0,1,G596160310
389,M475969810,2021-12-14 08:35:00,0,1,G837321692
390,M2781222612,2021-12-07 03:45:00,0,1,G624991119
391,M2797253330,2021-12-06 14:47:00,0,1,G664270150
392,M4769330341,2021-11-18 20:16:00,0,1,G702256052
393,M3675533949,2021-12-02 09:47:00,0,2,G522483796
394,M4152368619,2021-11-24 05:36:00,0,1,G028807002
395,M265477723,2021-11-26 09:38:00,0,1,G788182174
396,M2261572782,2021-12-13 07:58:00,0,1,G520989203
397,M3796053323,2021-12-11 07:29:00,0,1,G180921714
398,M3346547968,2021-12-14 18:27:00,0,1,G723519944
399,M517754913,2021-11-28 00:54:00,0,1,G708775393
400,M2222859713,2021-12-20 15:21:00,0,1,G068112987
401,M3430208331,2021-12-07 07:29:00,0,1,G651535736
402,M3965536750,2021-12-07 10:01:00,0,1,G457200314
403,M3989095408,2021-12-07 17:48:00,0,1,G840028960
404,M2435278549,2021-12-08 15:01:00,0,1,G248012940
405,M4502039540,2021-12-03 09:30:00,0,1,G257274559
406,M91834347,2021-11-25 01:38:00,0,1,G250077200
407,M4648205900,2021-12-07 05:52:00,0,1,G732712175
408,M527510248,2021-11-30 18:35:00,0,2,G389368940
409,M2742460481,2021-12-02 04:33:00,0,1,G842503066
410,M2620752917,2021-12-15 16:45:00,0,1,G501775644
411,M2968501099,2021-12-13 11:41:00,0,1,G971511172
412,M2995670860,2021-12-27 04:37:00,0,1,G157012063
413,M31932753,2021-11-21 23:05:00,0,1,G193640467
414,M3219339415,2021-12-16 15:23:00,0,1,G314930251
415,M2205302656,2021-11-24 10:22:00,0,1,G878531291
416,M3252586119,2021-11-25 18:27:00,0,1,G933764105
417,M493060517,2021-11-28 18:38:00,0,1,G659275673
418,M460087190,2021-12-11 05:25:00,0,1,G139292568
419,M468069684,2021-12-16 22:52:00,0,1,G854391769
420,M3022869852,2021-10-25 17:36:00,0,1,G799377226
421,M2219250410,2021-12-22 18:33:00,0,1,G776469440
422,M450738417,2022-01-02 10:53:00,0,1,G923569299
423,M2200531811,2021-12-25 20:29:00,0,1,G769235515
424,M2628313633,2021-12-30 12:03:00,0,2,G781842687
425,M2515021624,2021-12-13 22:56:00,0,1,G276051757
426,M201813333,2021-11-02 02:11:00,0,1,G971610894
427,M2232981833,2021-11-16 01:01:00,0,1,G656418360
428,M125128061,2021-11-15 06:01:00,0,1,G630657230
429,M351820008,2021-11-02 22:40:00,0,1,G457903530
430,M553757143,2021-12-18 19:06:00,0,1,G291826566
431,M2962574681,2021-11-18 15:27:00,0,1,G628238756
432,M304792572,2021-12-12 10:16:00,0,1,G453104720
433,M288738884,2021-11-25 12:00:00,0,1,G538935952
434,M427620475,2021-12-02 19:56:00,0,1,G482779074
435,M2815514910,2021-11-16 13:23:00,0,1,G237658207
436,M314520782,2021-11-28 12:42:00,0,1,G342672545
437,M4661680262,2021-12-23 07:02:00,0,1,G928262571
438,M3390982031,2021-12-02 09:03:00,0,1,G811635671
439,M3016722658,2021-12-21 23:30:00,0,1,G896237356
440,M3319085040,2021-12-10 03:59:00,0,1,G215854720
441,M3061744655,2021-11-21 00:50:00,0,1,G146948097
442,M191470216,2021-11-20 03:53:00,0,1,G928791490
443,M4127036618,2021-12-07 00:35:00,0,1,G662719288
444,M283793408,2021-12-02 22:52:00,0,1,G557572349
445,M2853759416,2021-11-22 11:29:00,0,1,G832969155
446,M84455753,2021-11-30 15:53:00,0,1,G178231324
447,M585817416,2021-12-07 19:18:00,0,1,G804229529
448,M3306383177,2021-11-23 02:10:00,0,1,G342417910
449,M4678171255,2021-11-10 05:12:00,0,1,G479658539
450,M438650260,2021-12-16 14:38:00,0,1,G056860958
451,M4218818798,2021-11-11 15:12:00,0,1,G814360889
452,M2776895726,2021-12-04 09:13:00,0,1,G594893088
453,M113129343,2021-11-22 02:33:00,0,1,G674798001
454,M2542539977,2021-12-27 01:32:00,0,1,G892478544
455,M3421327528,2021-12-15 18:08:00,0,1,G985979155
456,M2565544374,2021-12-06 10:10:00,0,1,G577239861
457,M197623177,2021-12-16 16:08:00,0,1,G600227210
458,M91956422,2021-11-28 10:35:00,0,1,G232567123
459,M154973544,2021-12-03 11:44:00,0,1,G370094495
460,M4448326869,2021-11-28 00:50:00,0,1,G848465763
461,M4616346184,2021-11-23 08:24:00,0,1,G405113687
462,M573306420,2021-12-01 08:25:00,0,1,G523451029
463,M2712817444,2021-11-22 02:08:00,0,1,G257927739
464,M457915455,2021-11-16 14:00:00,0,1,G394097403
465,M565725995,2021-11-20 23:20:00,0,1,G009865034
466,M290205212,2021-11-23 13:29:00,0,1,G056484889
467,M2728665140,2021-10-29 04:26:00,0,1,G422275314
468,M3020476778,2021-11-26 01:36:00,0,1,G601433971
469,M3196285320,2021-12-06 20:09:00,0,1,G103222909
470,M609978600,2021-12-23 01:46:00,0,1,G252404706
471,M3709267013,2021-12-16 16:06:00,0,1,G107055915
472,M4225446366,2021-11-10 14:32:00,0,1,G801575466
473,M3040422520,2021-12-21 03:49:00,0,1,G431108296
474,M178784976,2021-11-25 21:41:00,0,1,G238684142
475,M3472173014,2021-12-03 11:36:00,0,1,G560788120
476,M15795127,2021-11-21 16:24:00,0,1,G623401270
477,M2960277848,2021-12-06 08:18:00,0,1,G330683604
478,M132834392,2021-11-22 23:22:00,0,1,G423005281
479,M511969325,2021-12-30 18:23:00,0,1,G794681102
480,M2834171151,2021-12-09 20:33:00,0,1,G520306051
481,M3470313652,2021-11-05 19:20:00,0,1,G070580771
482,M4928227490,2021-11-25 03:55:00,0,1,G039194539
483,M2968801977,2021-12-01 14:14:00,0,1,G012154909
484,M3650271369,2021-12-01 07:55:00,0,1,G663993583
485,M4336343104,2021-11-21 19:55:00,0,1,G497219361
486,M3004223171,2021-11-19 09:43:00,0,1,G519648372
487,M2380127764,2021-12-13 19:32:00,0,1,G183574912
488,M4492546322,2021-11-26 04:48:00,0,1,G381108512
489,M494284976,2021-11-18 03:52:00,0,1,G514920574
490,M2709562532,2021-12-06 07:35:00,0,1,G869956106
491,M3825768316,2021-11-26 14:45:00,0,1,G331737747
492,M291265743,2021-12-08 22:42:00,0,1,G506981129
493,M525907090,2021-11-26 05:43:00,0,1,G639614849
494,M2265365922,2021-11-08 23:19:00,0,1,G093405556
495,M96022946,2021-12-04 09:24:00,0,1,G985739992
496,M4272671329,2021-11-10 00:50:00,0,1,G099393912
497,M2494321807,2021-11-13 02:58:00,0,1,G326160137
498,M599376316,2021-11-17 08:36:00,0,1,G668082757
499,M2341717823,2021-12-01 14:04:00,0,1,G140663754
500,M308207930,2021-11-27 20:25:00,0,1,G669658010
501,M3124580034,2021-12-11 16:03:00,0,1,G626637043
502,M2791670171,2021-12-07 16:37:00,0,1,G816127293
503,M2749279117,2021-12-11 16:52:00,0,1,G258429979
504,M3347058070,2021-12-05 10:12:00,0,1,G858036802
505,M4574544701,2021-12-11 06:35:00,0,1,G119025900
506,M3102021280,2021-12-10 07:38:00,0,1,G159158904
507,M4953534332,2021-12-02 13:44:00,0,1,G217628366
508,M4494391659,2021-12-07 15:43:00,0,1,G543146256
509,M542909814,2021-12-17 08:56:00,0,1,G057896600
510,M194820477,2021-11-23 07:39:00,0,1,G444249907
511,M604555904,2021-10-29 11:53:00,0,1,G980737299
512,M2638145383,2021-12-05 20:58:00,0,1,G094686647
513,M388555557,2021-12-10 02:57:00,0,1,G030039471
514,M2651267577,2021-11-18 11:47:00,0,1,G697145724
515,M2733406253,2021-11-29 05:35:00,0,1,G433888899
516,M2479903137,2021-11-17 23:33:00,0,1,G918037291
517,M407525668,2021-11-27 11:55:00,0,1,G126867788
518,M4793875432,2021-11-24 16:48:00,0,1,G015811445
519,M153480578,2021-11-24 14:17:00,0,1,G924358542
520,M2965289230,2021-12-14 04:24:00,0,2,G476382389
521,M2437845916,2021-12-08 02:34:00,0,1,G269717946
522,M483847392,2021-12-16 02:30:00,0,1,G242044155
523,M3709097263,2021-11-16 20:03:00,0,1,G838001259
524,M138630466,2021-11-27 22:46:00,0,1,G312612454
525,M3166406215,2021-11-18 22:55:00,0,1,G519887955
526,M4628822476,2021-12-13 11:15:00,0,1,G589021165
527,M3581860700,2021-12-10 14:30:00,0,1,G704819422
528,M132736938,2021-11-20 22:05:00,0,1,G750747130
529,M4196486598,2021-11-28 11:16:00,0,1,G427450872
530,M2222923339,2021-11-20 23:37:00,0,1,G323394816
531,M90718083,2021-11-27 13:25:00,0,1,G027739056
532,M387663994,2021-12-19 10:19:00,0,1,G230886529
533,M2568315588,2021-12-11 01:15:00,0,1,G647590789
534,M405775034,2021-10-31 13:07:00,0,1,G031649341
535,M3941934576,2021-11-15 10:06:00,0,1,G944657734
536,M2492448611,2021-11-20 20:01:00,0,1,G841936694
537,M4927084457,2021-11-25 15:13:00,0,1,G967142374
538,M524313509,2021-12-07 07:01:00,0,1,G857389006
539,M2891198031,2021-12-09 13:13:00,0,1,G854398592
540,M425938209,2021-11-09 10:42:00,0,1,G760326237
541,M3433506975,2021-12-05 11:04:00,0,1,G743415838
542,M2536499060,2021-12-17 17:27:00,0,1,G124299406
543,M322920105,2021-12-29 17:07:00,0,2,G373439532
544,M2239781986,2021-11-13 17:26:00,0,1,G918385598
545,M138081634,2021-12-04 14:29:00,0,1,G265847250
546,M102700747,2021-11-22 13:34:00,0,1,G19377
547,M4854473636,2021-11-25 11:26:00,0,1,G501023657
548,M2513681298,2021-12-04 00:37:00,0,1,G988406157
549,M3138813564,2021-12-05 05:09:00,0,1,G720772576
550,M583494884,2021-12-16 07:40:00,0,1,G168772004
551,M348610379,2021-12-21 06:39:00,0,1,G981987591
552,M399892750,2021-11-17 23:23:00,0,1,G493869818
553,M3148147154,2021-11-09 01:10:00,0,1,G965039877
554,M2535322234,2021-11-21 02:03:00,0,1,G606735823
555,M473462788,2021-11-30 15:52:00,0,1,G419695292
556,M2709177520,2021-11-19 00:28:00,0,1,G589281857
557,M2323527254,2021-11-27 05:13:00,0,1,G306065210
558,M2459015763,2021-12-09 14:33:00,0,1,G160726693
559,M294056629,2021-12-13 17:23:00,0,1,G227155008
560,M2452510223,2021-12-28 07:28:00,0,1,G200937496
561,M4776057577,2021-11-21 18:59:00,0,1,G607018631
562,M3087520906,2021-12-05 20:52:00,0,1,G163918747
563,M186151121,2021-11-22 11:59:00,0,1,G421864571
564,M362528962,2021-11-17 10:44:00,0,1,G550085978
565,M618323154,2021-11-30 21:05:00,0,1,G527396579
566,M2273025105,2021-12-17 19:10:00,0,1,G237814192
567,M337594056,2021-12-14 07:05:00,0,1,G455084842
568,M4803086619,2021-12-17 06:11:00,0,1,G650943069
569,M2213936927,2021-12-30 16:34:00,0,1,G421206155
570,M3350729086,2021-12-24 01:34:00,0,1,G492269419
571,M2511860193,2021-11-16 20:29:00,0,1,G288841114
572,M604586657,2021-11-23 06:13:00,0,1,G994260674
573,M2717064130,2021-12-16 09:01:00,0,1,G000007108
574,M2216611129,2021-12-24 13:23:00,0,1,G371280863
575,M214539871,2021-11-18 15:07:00,0,1,G885326436
576,M520852329,2021-11-22 23:58:00,0,1,G341903206
577,M4127075559,2022-01-01 17:33:00,0,1,G111659630
578,M410860566,2021-11-21 19:03:00,0,1,G649505304
579,M4401528424,2021-11-22 11:58:00,0,1,G426956430
580,M339082399,2021-12-15 06:13:00,0,1,G487735799
581,M345188565,2021-11-20 08:23:00,0,1,G379295037
582,M2370308369,2022-01-08 19:29:00,0,1,G479741249
583,M523573399,2021-11-22 17:19:00,0,1,G388537104
584,M3761850004,2021-11-27 22:49:00,0,1,G269194723
585,M2983717027,2021-11-11 03:31:00,0,1,G943610677
586,M427740908,2021-12-27 21:04:00,0,1,G265493417
587,M4127113151,2021-12-05 15:07:00,0,1,G872335001
588,M4992462111,2021-12-15 19:00:00,0,1,G849548260
589,M2399306142,2021-11-12 19:05:00,0,1,G473739140
590,M2983501980,2021-12-09 20:31:00,0,1,G783678844
591,M4404899500,2021-12-02 18:54:00,0,1,G311440101
592,M454212836,2021-11-30 23:37:00,0,1,G28708
593,M2685770971,2022-01-10 03:29:00,0,1,G566636599
594,M4131614166,2021-12-10 01:41:00,0,1,G104905127
595,M3219320236,2021-11-18 06:40:00,0,1,G395522279
596,M3498808606,2021-12-16 20:45:00,0,1,G895746454
597,M417674550,2021-11-18 01:46:00,0,1,G123584448
598,M57012870,2021-11-18 22:15:00,0,1,G561753601
599,M299060802,2021-12-03 11:36:00,0,1,G874850685
600,M4160954014,2021-12-01 16:30:00,0,1,G651288687
601,M208146751,2021-11-29 20:25:00,0,1,G532370983
602,M161957887,2021-11-25 10:48:00,0,1,G94193
603,M616693607,2021-11-24 18:50:00,0,1,G384519002
604,M4409836840,2021-11-11 21:25:00,0,1,G319333368
605,M252061647,2021-12-16 01:27:00,0,1,G663701269
606,M489330209,2021-12-05 18:54:00,0,1,G253014128
607,M291843740,2021-11-20 18:58:00,0,1,G852506429
608,M2549641618,2021-11-08 14:07:00,0,1,G357967076
609,M2355415656,2021-11-28 21:05:00,0,1,G225971139
610,M516605425,2021-12-02 11:05:00,0,1,G027593103
611,M2732727915,2021-11-29 01:25:00,0,1,G532404717
612,M2842712223,2021-12-01 04:12:00,0,1,G022102658
613,M2272797436,2021-11-12 12:53:00,0,1,G01410
614,M4594215446,2021-12-03 18:04:00,0,1,G914418958
615,M132995900,2021-12-19 19:09:00,0,1,G428368301
616,M536209923,2021-11-30 18:26:00,0,1,G104983617
617,M3167659653,2021-11-28 06:39:00,0,1,G909538886
618,M561425179,2021-12-02 03:09:00,0,1,G365962720
619,M195318382,2021-11-13 01:29:00,0,1,G607821509
620,M2706806772,2021-11-14 00:12:00,0,1,G950375912
621,M93402080,2021-11-22 10:08:00,0,1,G713010493
622,M395587396,2021-11-27 12:29:00,0,1,G200425734
623,M2578573485,2021-11-26 12:44:00,0,1,G171598980
624,M294864580,2021-11-16 16:21:00,0,1,G839331046
625,M2374839393,2021-11-30 12:55:00,0,1,G911066832
626,M4153162297,2021-11-30 02:47:00,0,1,G264027165
627,M2230862591,2021-11-02 15:53:00,0,1,G421296294
628,M211893023,2021-12-12 11:50:00,0,1,G752188141
629,M341283652,2021-12-08 05:05:00,0,1,G344670516
630,M3014385292,2021-12-13 09:53:00,0,1,G580229292
631,M185136859,2021-12-14 16:18:00,0,1,G320456352
632,M2649975612,2021-11-28 13:29:00,0,1,G157319006
633,M513576314,2021-11-22 11:46:00,0,2,G498417781
634,M3048505773,2021-11-13 16:38:00,0,1,G273836882
635,M4249786180,2021-12-07 02:09:00,0,1,G650116371
636,M2557507884,2021-12-10 02:20:00,0,1,G002961031
637,M2555474147,2021-12-10 20:18:00,0,1,G181787387
638,M496986681,2021-11-27 06:29:00,0,1,G25202
639,M3171178459,2021-12-10 18:19:00,0,1,G727399784
640,M185124099,2021-11-30 21:35:00,0,1,G717837164
641,M172668449,2021-12-17 07:15:00,0,1,G738183945
642,M2745642692,2021-12-11 13:49:00,0,1,G215407298
643,M450920943,2021-11-10 20:52:00,0,1,G529194961
644,M2248350057,2021-11-27 11:11:00,0,1,G414908208
645,M2945335101,2021-12-13 18:26:00,0,1,G122264413
646,M2329528661,2021-12-14 05:20:00,0,1,G178049098
647,M2976380990,2021-10-21 08:42:00,0,1,G688237679
648,M610078485,2021-11-14 02:03:00,0,1,G366274845
649,M2675865029,2021-11-10 21:38:00,0,1,G972058251
650,M4458844626,2021-12-23 19:30:00,0,1,G500203650
651,M458450363,2021-11-14 11:52:00,0,1,G648789839
652,M3366488303,2022-01-05 17:01:00,0,1,G482848359
653,M544729282,2021-12-10 18:57:00,0,1,G287867666
654,M4700280007,2021-12-17 01:04:00,0,1,G614016582
655,M4915889067,2021-11-20 01:17:00,0,1,G278179266
656,M2680881035,2021-11-16 10:38:00,0,1,G268288181
657,M111719987,2021-11-24 02:04:00,0,1,G071357892
658,M2759585654,2021-11-26 06:05:00,0,1,G505431235
659,M4990756244,2021-12-03 01:38:00,0,1,G323666318
660,M183301908,2021-12-07 16:00:00,0,1,G017812710
661,M2622257238,2021-11-14 00:43:00,0,1,G838369914
662,M482664028,2021-11-30 14:22:00,0,1,G539333291
663,M4700578605,2021-11-26 06:20:00,0,1,G907144867
664,M489755074,2021-11-16 23:34:00,0,1,G733482655
665,M135905340,2021-11-24 18:28:00,0,1,G830138549
666,M2812986273,2021-12-23 11:14:00,0,1,G735806221
667,M2804433343,2021-12-14 19:41:00,0,1,G401939015
668,M4443911524,2021-12-09 16:02:00,0,1,G985475482
669,M2226155881,2021-11-09 21:13:00,0,1,G015288541
670,M2745842327,2021-11-27 17:17:00,0,1,G248684439
671,M2646796935,2021-11-21 19:26:00,0,1,G956738157
672,M4299602050,2021-12-08 14:31:00,0,1,G341994565
673,M4992627813,2021-11-25 01:33:00,0,1,G696359159
674,M4135757873,2021-11-23 01:43:00,0,1,G084694303
675,M219065729,2021-11-10 20:36:00,0,1,G894135849
676,M463899788,2021-11-29 05:57:00,0,1,G048139361
677,M4556725662,2021-12-18 10:51:00,0,1,G202683208
678,M169634040,2021-11-19 05:11:00,0,1,G062950609
679,M2240836801,2021-12-20 01:04:00,0,1,G881240722
680,M360909889,2021-12-12 12:17:00,0,1,G865180752
681,M2566176979,2021-12-03 06:51:00,0,1,G526954178
682,M2557433614,2021-11-27 23:03:00,0,1,G523485572
683,M3037584278,2021-12-01 17:57:00,0,11,G630555403
684,M3555476981,2021-12-04 03:50:00,0,1,G108187715
685,M316333153,2021-12-11 02:02:00,0,1,G666275074
686,M4982417402,2021-11-25 02:26:00,0,1,G266343686
687,M3080586061,2021-11-28 01:26:00,0,1,G043260621
688,M4974688804,2021-12-01 01:48:00,0,2,G917465385
689,M2530968803,2021-11-14 21:16:00,0,1,G993559547
690,M456687727,2021-11-29 13:14:00,0,1,G103220924
691,M2987801094,2021-11-25 12:44:00,0,1,G300648859
692,M2762635521,2021-11-19 07:17:00,0,1,G518678633
693,M509254558,2021-11-04 01:02:00,0,1,G651677816
694,M2820661006,2021-11-25 08:32:00,0,1,G654838104
695,M502551301,2021-12-08 05:56:00,0,1,G238394036
696,M2574383652,2021-10-31 07:25:00,0,1,G410892427
697,M4930469165,2021-11-17 14:34:00,0,1,G651048724
698,M4752873324,2021-11-26 01:05:00,0,1,G642397972
699,M3132307531,2021-11-29 12:47:00,0,1,G771801712
700,M3028570444,2021-11-20 06:05:00,0,1,G076804501
701,M4727760356,2021-11-30 19:14:00,0,1,G394973374
702,M4980760889,2021-11-14 23:32:00,0,1,G130953187
703,M170692578,2021-12-14 00:18:00,0,1,G695963498
704,M497039173,2021-11-09 17:09:00,0,1,G592959270
705,M4384275757,2021-12-03 19:33:00,0,1,G610575978
706,M112688952,2021-11-04 11:39:00,0,1,G242258480
707,M498339083,2021-11-22 21:24:00,0,1,G969662272
708,M2362195662,2021-12-16 19:16:00,0,1,G882906192
709,M356741325,2021-12-04 00:37:00,0,1,G07121
710,M236785159,2021-11-26 09:15:00,0,1,G086132199
711,M23456085,2021-12-10 12:14:00,0,1,G277766607
712,M4991385010,2021-11-22 02:02:00,0,1,G925255597
713,M2521462751,2021-10-31 21:49:00,0,1,G610297696
714,M2442204304,2021-12-17 14:07:00,0,1,G175933844
715,M2299578965,2021-12-07 04:22:00,0,1,G477072237
716,M2326569157,2021-11-15 23:34:00,0,1,G737004752
717,M227890873,2021-12-18 05:21:00,0,1,G264261581
718,M229090945,2021-11-18 00:57:00,0,1,G655552145
719,M3028751381,2021-12-08 02:28:00,0,1,G037030230
720,M4401028586,2021-12-10 07:58:00,0,1,G825509546
721,M4859718201,2021-12-13 10:12:00,0,6,G959752923
722,M535469663,2021-11-19 15:00:00,0,1,G823166228
723,M4979877867,2021-11-02 14:02:00,0,1,G602835274
724,M505901575,2021-12-11 23:17:00,0,1,G747016539
725,M425124137,2021-12-04 07:50:00,0,1,G677501772
726,M3393439471,2021-12-21 00:19:00,0,1,G479715278
727,M3106030432,2021-11-14 13:37:00,0,1,G426486647
728,M4957629475,2021-11-21 16:33:00,0,1,G402026805
729,M169415742,2021-12-06 05:57:00,0,1,G689033116
730,M2959918416,2021-10-29 04:27:00,0,1,G264729102
731,M2768355591,2021-11-14 20:10:00,0,1,G643271768
732,M2508237835,2021-11-06 02:28:00,0,1,G192575668
733,M620693401,2021-11-16 03:44:00,0,1,G705518346
734,M145956772,2021-12-14 01:58:00,0,1,G113132334
735,M2546348243,2021-11-20 08:46:00,0,1,G262724955
736,M286011689,2021-11-11 23:41:00,0,1,G467204488
737,M4446700256,2021-11-16 08:45:00,0,1,G892141197
738,M4199269819,2021-11-22 11:36:00,0,1,G528619775
739,M3560719775,2021-11-17 10:18:00,0,1,G165931942
740,M196646682,2021-11-26 09:23:00,0,1,G296398579
741,M4171944647,2021-11-27 08:44:00,0,2,G84541
742,M3050759965,2021-12-14 23:40:00,0,1,G537577038
743,M2682263250,2021-11-28 00:37:00,0,1,G321441008
744,M4971892887,2021-12-18 07:12:00,0,1,G044598736
745,M4699781445,2021-12-03 17:23:00,0,1,G792848645
746,M4998439488,2021-11-23 20:44:00,0,1,G411010771
747,M4343831612,2021-11-13 18:42:00,0,1,G068667211
748,M2504837583,2021-12-13 02:43:00,0,1,G132681166
749,M2466183983,2021-11-16 08:55:00,0,1,G190783987
750,M4567424418,2021-11-09 02:23:00,0,1,G200281490
751,M481475285,2021-12-01 15:50:00,0,1,G713563279
752,M585624427,2021-11-05 11:11:00,0,1,G461061171
753,M175039859,2021-12-13 03:59:00,0,1,G976724863
754,M3109901348,2021-11-18 04:33:00,0,1,G268479372
755,M150299145,2021-11-20 13:41:00,0,1,G462696939
756,M382240041,2021-12-06 03:06:00,0,1,G834179220
757,M507873141,2021-11-29 20:51:00,0,1,G581278043
758,M3884003609,2021-12-15 04:51:00,0,1,G791168186
759,M2422881260,2021-12-05 11:00:00,0,1,G856791967
760,M3821057566,2021-11-30 18:22:00,0,1,G674642546
761,M2359288866,2021-11-03 07:33:00,0,1,G979897963
762,M462236776,2021-11-25 21:18:00,0,1,G240735378
763,M4127077408,2021-11-22 12:25:00,0,2,G581054580
764,M2893338138,2021-12-08 13:56:00,0,1,G633664058
765,M4890436636,2021-12-30 03:07:00,0,1,G621659103
766,M363062375,2021-12-04 13:46:00,0,1,G128634568
767,M3522847008,2021-12-10 09:23:00,0,1,G049483609
768,M2787463547,2021-12-25 13:21:00,0,1,G007024764
769,M148432412,2021-12-10 05:53:00,0,1,G537509971
770,M3347441975,2021-11-21 07:16:00,0,1,G845714830
771,M3024469339,2021-12-14 18:18:00,0,1,G915589920
772,M121062924,2021-12-19 07:19:00,0,1,G383543268
773,M3508954976,2021-12-04 18:25:00,0,1,G893128454
774,M3535017991,2021-11-08 18:39:00,0,1,G325172405
775,M03580415,2021-11-08 10:43:00,0,1,G344565761
776,M164345459,2021-11-15 07:16:00,0,1,G047948475
777,M2556385220,2021-12-10 23:38:00,0,1,G480115619
778,M3181774645,2021-11-13 20:27:00,0,1,G758105517
779,M590006387,2021-11-14 21:21:00,0,1,G963422166
780,M3324141080,2021-12-11 13:21:00,0,1,G370448620
781,M398730305,2021-12-27 08:06:00,0,1,G119850541
782,M3466832406,2021-11-28 06:48:00,0,1,G402228552
783,M3739615458,2021-12-22 00:31:00,0,1,G313271412
784,M411049250,2021-12-23 12:22:00,0,1,G734162402
785,M3007542761,2021-12-12 22:20:00,0,1,G706685072
786,M2546463044,2021-12-08 11:10:00,0,1,G110733419
787,M4196653740,2021-11-05 05:21:00,0,1,G412460439
788,M200771385,2021-11-26 01:31:00,0,1,G102263596
789,M150884620,2021-12-04 12:51:00,0,1,G333085539
790,M4777157502,2021-11-29 19:04:00,0,1,G612895529
791,M2499282065,2021-11-25 10:45:00,0,1,G841665666
792,M510566216,2021-11-10 06:06:00,0,1,G953321853
793,M543280863,2021-11-11 00:28:00,0,1,G813398255
794,M4680598673,2021-12-12 13:16:00,0,1,G511862072
795,M3009882895,2021-12-01 09:20:00,0,1,G375996390
796,M2216816841,2021-10-29 16:09:00,0,1,G779656271
797,M2355507271,2022-01-01 22:14:00,0,1,G059659107
798,M100712952,2021-11-24 09:52:00,0,1,G212776678
799,M4995099447,2021-11-14 12:29:00,0,1,G241085939
800,M2698288116,2021-11-10 22:26:00,0,1,G821921941
801,M514267858,2021-11-30 12:58:00,0,1,G067850949
802,M3578990274,2021-12-19 03:27:00,0,1,G620376393
803,M3416074778,2021-11-04 23:01:00,0,1,G373488234
804,M198059717,2021-11-21 18:41:00,0,1,G403321977
805,M139129018,2021-11-22 04:57:00,0,1,G249265498
806,M292880935,2021-12-05 17:25:00,0,1,G486772100
807,M4982777191,2021-11-28 21:28:00,0,1,G280137094
808,M3609138088,2021-12-15 06:24:00,0,2,G617124229
809,M2574896902,2021-12-28 04:14:00,0,1,G708552096
810,M578012251,2021-11-11 15:06:00,0,1,G762336463
811,M526132666,2021-12-11 14:55:00,0,1,G808602165
812,M4959437921,2021-11-23 06:31:00,0,1,G363038079
813,M4975636611,2021-12-10 21:46:00,0,1,G096632653
814,M2762613104,2021-11-07 03:34:00,0,1,G49380
815,M2569846304,2021-12-06 05:36:00,0,1,G420584148
816,M2401891518,2021-11-17 14:04:00,0,1,G958607467
817,M3134856268,2021-11-21 00:50:00,0,1,G912049967
818,M4427417862,2021-12-06 10:00:00,0,1,G485964417
819,M4022127913,2021-11-20 18:06:00,0,1,G957112546
820,M441848878,2021-11-17 05:49:00,0,1,G681195297
821,M2509523926,2021-11-26 06:15:00,0,1,G954882793
822,M334985195,2021-11-16 13:41:00,0,1,G444881365
823,M92022363,2021-10-27 16:12:00,0,1,G135288263
824,M3169577837,2021-11-02 02:22:00,0,1,G062477567
825,M70098224,2021-11-15 23:13:00,0,1,G575014382
826,M3639632621,2021-11-23 07:12:00,0,1,G443950529
827,M2836656937,2021-12-23 10:15:00,0,1,G033420428
828,M3564753136,2021-11-12 04:33:00,0,1,G836244902
829,M101973364,2021-11-29 09:44:00,0,1,G206176435
830,M4141336971,2021-10-21 18:53:00,0,1,G716154474
831,M2961390495,2021-11-03 11:27:00,0,2,G369870373
832,M3034928867,2021-11-18 01:40:00,0,1,G025220036
833,M2912538263,2021-11-29 23:04:00,0,1,G345540691
834,M2782795478,2021-11-20 02:59:00,0,1,G155803934
835,M553852274,2021-11-26 18:02:00,0,2,G225453397
836,M289931969,2021-11-22 14:13:00,0,1,G410315140
837,M104558554,2021-11-30 11:05:00,0,1,G728224788
838,M271198189,2021-12-09 17:56:00,0,1,G185988284
839,M571943018,2021-12-07 17:08:00,0,1,G700790078
840,M3355962932,2021-12-07 05:38:00,0,1,G470290180
841,M3497850484,2021-12-20 17:29:00,0,1,G301477113
842,M571042267,2021-11-11 18:12:00,0,1,G933817382
843,M4920700180,2021-12-06 23:04:00,0,1,G850785538
844,M2238080842,2021-10-17 22:37:00,0,1,G555562283
845,M498200563,2021-11-18 11:37:00,0,1,G940665826
846,M2431500079,2021-11-29 07:10:00,0,1,G494035538
847,M4009188167,2021-11-21 00:44:00,0,1,G230523264
848,M4744951847,2021-11-16 01:58:00,0,1,G936715392
849,M141738834,2021-11-18 01:59:00,0,1,G362876165
850,M460042279,2021-11-24 09:49:00,0,1,G069751845
851,M2834263027,2021-11-22 10:59:00,0,1,G835699317
852,M209679432,2021-11-26 05:16:00,0,1,G171788229
853,M4438849108,2021-12-05 12:02:00,0,1,G573484761
854,M2218932632,2021-11-10 05:05:00,0,1,G240022423
855,M57852052,2021-11-14 19:13:00,0,1,G081868391
856,M3228842165,2021-12-07 19:04:00,0,1,G443823830
857,M4304630095,2021-11-15 07:09:00,0,1,G187914446
858,M4005483372,2021-12-02 09:07:00,0,1,G694976201
859,M4219076950,2021-11-30 15:05:00,0,1,G959215713
860,M4983930680,2021-12-15 14:50:00,0,1,G439706363
861,M2800303184,2021-11-24 23:36:00,0,1,G602043459
862,M290664901,2021-11-16 14:51:00,0,1,G371347799
863,M2618153471,2021-12-13 17:33:00,0,1,G062208938
864,M544550965,2021-11-25 20:41:00,0,1,G181882743
865,M2256041736,2021-12-13 18:31:00,0,1,G247514312
866,M4030987514,2021-11-27 20:51:00,0,1,G562080900
867,M203909358,2021-11-08 18:12:00,0,1,G397583439
868,M4487493360,2021-11-14 04:58:00,0,1,G096673791
869,M227061465,2021-12-01 09:09:00,0,1,G786452311
870,M2961888895,2021-11-22 15:16:00,0,1,G111715723
871,M523944357,2021-12-09 12:04:00,0,1,G215109903
872,M2202491685,2021-11-13 07:35:00,0,1,G390127751
873,M190721100,2021-11-30 09:20:00,0,1,G348120108
874,M137399730,2021-12-04 03:02:00,0,1,G115903786
875,M4811710263,2021-12-03 21:42:00,0,1,G179461347
876,M2826120270,2021-12-09 13:06:00,0,1,G328601550
877,M2318518441,2021-12-12 20:00:00,0,1,G370302233
878,M90893472,2021-11-10 12:46:00,0,1,G516812115
879,M4443086036,2021-12-11 11:27:00,0,1,G861661175
880,M530932604,2021-12-07 20:07:00,0,1,G276142131
881,M4992806135,2021-12-06 02:56:00,0,1,G317386599
882,M489982406,2021-12-02 07:14:00,0,1,G214954117
883,M4584242092,2021-11-19 05:54:00,0,1,G489671109
884,M2667847586,2021-12-23 12:28:00,0,1,G363151246
885,M4218961786,2021-11-27 21:22:00,0,1,G084341704
886,M2758862140,2021-11-21 05:17:00,0,1,G262536556
887,M240044654,2021-12-06 01:34:00,0,1,G359146027
888,M2700466943,2021-12-10 18:54:00,0,1,G045237355
889,M333386290,2021-12-11 22:42:00,0,1,G815337958
890,M2283129722,2021-11-13 09:08:00,0,1,G219512804
891,M2235904617,2021-12-01 22:44:00,0,1,G041427486
892,M234870308,2021-12-12 00:15:00,0,1,G104124922
893,M3166068008,2021-12-17 03:15:00,0,1,G866100399
894,M216799853,2021-11-03 02:01:00,0,1,G950614111
895,M4964896605,2021-12-13 21:05:00,0,1,G849112004
896,M2510615247,2021-11-11 06:05:00,0,1,G236868598
897,M455661558,2021-12-05 14:46:00,0,1,G742501588
898,M2263869147,2021-11-25 05:22:00,0,1,G179837134
899,M3313460576,2021-11-16 01:37:00,0,1,G703379242
900,M3390506652,2021-11-25 08:45:00,0,1,G861140839
901,M4279853769,2021-12-31 04:08:00,0,1,G604922151
902,M373284047,2021-11-18 02:13:00,0,1,G593629496
903,M4700421720,2021-10-27 06:17:00,0,1,G929837051
904,M193572408,2021-12-14 03:05:00,0,1,G562642574
905,M488418541,2021-12-03 17:37:00,0,1,G02009
906,M4864034535,2021-11-24 04:54:00,0,1,G753649826
907,M3898187288,2021-11-07 18:09:00,0,1,G372123204
908,M2762316248,2021-11-27 20:19:00,0,1,G083381461
909,M2718066626,2021-11-25 07:58:00,0,1,G411927334
910,M3866258819,2021-11-26 05:58:00,0,1,G096665337
911,M289500398,2021-11-26 15:49:00,0,1,G529131710
912,M4189147253,2021-11-25 19:37:00,0,1,G503645865
913,M2818158563,2021-12-20 02:00:00,0,1,G593816733
914,M4691495608,2021-11-13 20:29:00,0,1,G544056850
915,M4323077099,2021-12-08 14:14:00,0,1,G581501828
916,M4443298657,2021-12-26 20:29:00,0,1,G099219490
917,M4691645860,2021-12-06 18:37:00,0,1,G171569041
918,M4283085237,2021-11-14 10:03:00,0,1,G621581578
919,M305092030,2021-12-05 01:37:00,0,1,G228789856
920,M515304932,2021-11-21 02:25:00,0,1,G277093653
921,M78446052,2021-11-17 16:55:00,0,1,G888955319
922,M498833397,2021-11-06 11:43:00,0,1,G14883
923,M500199819,2021-12-05 12:28:00,0,1,G550663081
924,M2620320224,2021-12-16 02:43:00,0,1,G929866408
925,M4397120572,2021-12-09 11:33:00,0,1,G001403639
926,M150161518,2021-11-21 12:55:00,0,1,G291459896
927,M135410898,2021-11-13 02:55:00,0,1,G249281879
928,M2793921761,2021-12-16 12:07:00,0,1,G333828277
929,M578947748,2021-11-04 23:01:00,0,1,G296930846
930,M4840751391,2021-12-01 10:39:00,0,1,G291359619
931,M3545224011,2021-11-27 17:15:00,0,1,G325170392
932,M325019820,2021-12-19 11:45:00,0,1,G049833179
933,M222676936,2021-12-12 02:34:00,0,1,G279263173
934,M2750978414,2021-11-24 22:43:00,0,1,G274067255
935,M135732264,2022-01-02 10:26:00,0,1,G980284600
936,M559041304,2021-11-20 02:31:00,0,1,G227876516
937,M2511114531,2021-12-01 15:13:00,0,1,G684388071
938,M3593835685,2021-12-04 17:03:00,0,1,G900391818
939,M4639347409,2021-12-16 05:55:00,0,1,G125370670
940,M2217400039,2021-12-05 17:52:00,0,1,G984572830
941,M2424333280,2021-11-11 20:33:00,0,1,G866528983
942,M4452589172,2021-12-02 18:37:00,0,1,G318362600
943,M4340196549,2021-11-30 03:54:00,0,1,G201957880
944,M4715727160,2021-11-26 07:51:00,0,1,G013809571
945,M519925173,2021-11-29 16:28:00,0,1,G482759169
946,M4974142403,2021-12-23 20:56:00,0,1,G947725162
947,M4163384099,2021-12-16 10:53:00,0,1,G901843429
948,M4481131809,2021-12-07 11:14:00,0,1,G798568845
949,M422856764,2021-12-15 12:58:00,0,1,G066738871
950,M2990611657,2021-11-25 20:00:00,0,1,G147975738
951,M2795166591,2021-11-19 02:35:00,0,1,G749073693
952,M4866868699,2021-12-26 09:58:00,0,1,G66395
953,M2956805509,2021-11-20 04:13:00,0,1,G437669828
954,M4705467820,2021-12-14 19:26:00,0,1,G406502719
955,M2290506831,2021-12-04 04:59:00,0,1,G926929268
956,M622545244,2021-12-16 01:25:00,0,1,G139374475
957,M2444742054,2021-11-17 02:38:00,0,1,G685475523
958,M284532518,2021-11-18 14:49:00,0,1,G265742911
959,M3505631664,2021-11-25 10:04:00,0,1,G710468438
960,M300605166,2021-12-13 02:27:00,0,1,G286799346
961,M4975832458,2021-12-10 13:35:00,0,1,G839491110
962,M2878312144,2021-12-02 16:20:00,0,1,G299983113
963,M3976852529,2021-12-15 01:19:00,0,1,G319995941
964,M4350479689,2021-11-29 04:24:00,0,1,G884252961
965,M407613525,2021-12-05 19:20:00,0,1,G326776622
966,M2857241131,2021-11-21 11:13:00,0,1,G299351072
967,M2782480078,2021-11-23 11:02:00,0,1,G750671625
968,M2814688871,2021-12-06 19:43:00,0,1,G747565307
969,M553445837,2021-11-28 17:42:00,0,1,G563528347
970,M374827681,2021-12-11 11:41:00,0,1,G114238235
971,M4289633551,2021-11-25 09:45:00,0,1,G905570062
972,M205167381,2021-12-15 12:41:00,0,1,G433309414
973,M3509235087,2021-12-03 20:16:00,0,1,G713882094
974,M2804255017,2021-12-14 10:47:00,0,1,G699071206
975,M2236019226,2021-11-08 12:39:00,0,1,G113240627
976,M3335012922,2021-11-25 15:54:00,0,1,G654269962
977,M521628495,2021-11-15 03:47:00,0,1,G718109234
978,M2218065142,2021-11-14 09:19:00,0,1,G267627545
979,M4686539653,2021-11-24 09:03:00,0,1,G814173283
980,M294443009,2021-11-22 11:20:00,0,1,G034543177
981,M512188002,2021-11-29 07:04:00,0,1,G850294584
982,M3545770614,2021-11-07 17:24:00,0,1,G140620464
983,M2947151943,2021-12-04 02:13:00,0,1,G143896885
984,M221336312,2021-11-21 13:55:00,0,1,G707491202
985,M3513554513,2021-11-23 03:45:00,0,1,G782743388
986,M3569483366,2021-12-17 15:40:00,0,1,G284457681
987,M3066864254,2021-11-02 13:38:00,0,1,G171893046
988,M449325088,2021-11-25 01:11:00,0,1,G203842296
989,M4722905357,2021-12-10 13:22:00,0,1,G422575363
990,M2536971948,2021-11-29 05:34:00,0,1,G194400618
991,M4820967507,2021-11-22 05:49:00,0,1,G227199390
992,M4578734605,2021-12-02 02:16:00,0,1,G801923993
993,M3011782692,2021-12-11 02:14:00,0,1,G070906267
994,M4961263192,2021-12-10 08:32:00,0,1,G949756108
995,M2773888989,2021-11-26 16:59:00,0,1,G463288631
996,M3052271101,2021-12-12 09:38:00,0,1,G610998332
997,M2672170174,2021-12-09 04:38:00,0,1,G050220324
998,M4984419240,2021-11-10 19:00:00,0,1,G412493217
999,M509238967,2021-12-05 10:55:00,0,1,G555688218
1000,M2932089784,2021-11-18 07:20:00,0,1,G328143908
1001,M3733605706,2021-11-30 04:25:00,0,1,G930999001
1002,M2348649665,2021-12-08 21:29:00,0,1,G426971868
1003,M2783525613,2021-11-11 16:41:00,0,1,G774647921
1004,M2418575760,2021-11-29 10:41:00,0,1,G368772125
1005,M3479257577,2021-12-04 09:23:00,0,1,G499586709
1006,M4761736512,2021-12-19 04:08:00,0,1,G533881341
1007,M2527629739,2021-12-11 23:53:00,0,1,G251917156
1008,M519612357,2021-11-11 17:30:00,0,1,G773023203
1009,M578564431,2021-12-01 06:04:00,0,1,G614795116
1010,M3546907676,2021-11-17 07:05:00,0,1,G840309096
1011,M3457075476,2021-12-12 18:30:00,0,1,G887732115
1012,M2791593332,2021-12-08 21:57:00,0,1,G617018604
1013,M355640949,2021-12-04 22:08:00,0,1,G735365023
1014,M437009286,2021-11-30 14:44:00,0,1,G329237927
1015,M2554693072,2021-12-06 18:00:00,0,1,G772274509
1016,M4223363479,2021-12-28 06:27:00,0,1,G221429751
1017,M121583656,2021-11-30 11:53:00,0,1,G943044230
1018,M3402635295,2021-11-09 07:29:00,0,1,G436753423
1019,M207351734,2021-12-27 10:48:00,0,1,G363706699
1020,M3182643756,2021-12-04 06:24:00,0,1,G311731948
1021,M437440035,2021-12-25 20:05:00,0,1,G549170923
1022,M231381637,2021-11-25 02:59:00,0,1,G607385749
1023,M2733927375,2021-11-24 06:31:00,0,1,G791901358
1024,M2639394693,2021-10-31 06:12:00,0,1,G248377425
1025,M155168461,2021-10-15 17:06:00,0,1,G589966840
1026,M4983630689,2021-11-26 04:35:00,0,1,G603681030
1027,M3244593232,2021-11-09 20:45:00,0,1,G753725682
1028,M448383139,2021-11-16 07:22:00,0,1,G795464041
1029,M4990702001,2021-12-06 18:33:00,0,1,G519967503
1030,M3671832853,2021-12-10 08:42:00,0,1,G929026697
1031,M4327785367,2021-12-25 19:52:00,0,1,G259356690
1032,M2236705576,2021-11-22 15:58:00,0,1,G195849748
1033,M3598194932,2021-11-26 12:28:00,0,1,G327978606
1034,M326608516,2021-11-16 14:32:00,0,1,G529126779
1035,M452535946,2021-12-20 02:36:00,0,1,G033456111
1036,M4930575390,2021-12-02 13:35:00,0,1,G440522783
1037,M2258564497,2021-12-03 05:39:00,0,1,G500630642
1038,M4349009353,2021-11-05 19:38:00,0,1,G370481985
1039,M344857846,2021-11-25 19:10:00,0,1,G947760469
1040,M2357978839,2021-12-02 13:19:00,0,1,G213820036
1041,M2237966962,2021-11-14 04:44:00,0,1,G813002010
1042,M225735660,2021-11-22 09:45:00,0,1,G952732468
1043,M3528504545,2021-11-20 00:34:00,0,1,G167265612
1044,M3556945981,2021-11-11 14:40:00,0,1,G208004578
1045,M2201842652,2021-12-10 11:42:00,0,1,G17141
1046,M432718875,2021-12-16 21:14:00,0,1,G286069164
1047,M4452047003,2021-11-27 01:25:00,0,1,G640874198
1048,M3492215551,2021-11-25 20:44:00,0,1,G255714688
1049,M3188725662,2021-12-01 10:17:00,0,1,G067183028
1050,M510270849,2022-01-21 12:00:00,1,1,G461965097
1051,M3413803468,2022-01-14 16:25:00,1,1,G186457666
1052,M3336814335,2022-01-13 18:29:00,1,1,G055044518
1053,M3005179365,2022-01-04 22:16:00,1,1,G141480094
1054,M141555821,2022-01-01 09:08:00,1,1,G619158482
1055,M2246737242,2021-11-24 16:57:00,1,1,G526940546
1056,M503233131,2022-01-20 11:49:00,1,1,G542634933
1057,M2981945849,2022-01-21 22:10:00,1,1,G670915879
1058,M4330752802,2022-01-22 11:13:00,1,1,G755213900
1059,M435612655,2022-01-14 22:23:00,1,1,G943422174
1060,M4302632150,2022-01-25 14:49:00,1,1,G773052221
1061,M353997544,2022-01-02 20:24:00,1,1,G659953506
1062,M4790653723,2022-01-01 10:12:00,1,1,G783618780
1063,M208968199,2022-01-06 04:51:00,1,1,G784464650
1064,M4159875637,2022-01-16 09:08:00,1,1,G966630305
1065,M331490829,2022-01-16 12:18:00,1,1,G655521773
1066,M411883765,2022-01-23 08:14:00,1,1,G096175834
1067,M3027786541,2022-01-17 09:38:00,1,1,G385529674
1068,M3984750297,2022-01-08 18:48:00,1,1,G383092690
1069,M4184930335,2022-01-03 20:13:00,1,1,G363426010
1070,M62012833,2022-01-20 09:20:00,1,1,G107194748
1071,M579463374,2022-01-17 18:49:00,1,1,G443528180
1072,M4683082612,2022-01-01 17:49:00,1,1,G963951984
1073,M3912738803,2022-01-25 21:32:00,1,1,G900430253
1074,M4208753641,2022-01-18 12:14:00,1,1,G240329702
1075,M207616034,2022-01-07 13:19:00,1,1,G650838337
1076,M320882359,2022-01-03 17:50:00,1,1,G640439199
1077,M2574529836,2022-01-12 11:09:00,1,1,G840256630
1078,M548027540,2022-01-06 18:23:00,1,1,G931816873
1079,M2986965083,2022-01-17 18:54:00,1,1,G079193052
